1000000070,1000000070,258,ФРАНЦУЗСКАЯ ПОЛИНЕЗИЯ,ФРАНЦУЗ ПОЛИНЕЗИЯСЫ,ФРАНЦУЗСКАЯ ПОЛИНЕЗИЯ,ФРАНЦУЗ ПОЛИНЕЗИЯСЫ,FRENCH POLYNESIA,0,1000000070,"18.04.16 15:22:11,693814000"
1000000071,1000000071,262,ДЖИБУТИ,ДЖИБУТИ,ДЖИБУТИ,ДЖИБУТИ,DJIBOUTI,0,1000000071,"18.04.16 15:22:11,732693000"
1000000072,1000000072,266,ГАБОН,ГАБОН,ГАБОН,ГАБОН,GABON,0,1000000072,"18.04.16 15:22:11,741723000"
1000000073,1000000073,268,ГРУЗИЯ,ГРУЗИЯ,ГРУЗИЯ,ГРУЗИЯ,GEORGIA,0,1000000073,"18.04.16 15:22:11,750500000"
1000000074,1000000074,270,ГАМБИЯ,ГАМБИЯ,ГАМБИЯ,ГАМБИЯ,GAMBIA,0,1000000074,"18.04.16 15:22:11,759497000"
1000000075,1000000075,274,СЕКТОР ГАЗА,ГАЗ СЕКТОРЫ,СЕКТОР ГАЗА,ГАЗ СЕКТОРЫ,GAZA STRIP,0,1000000075,"18.04.16 15:22:11,767810000"
1000000076,1000000076,276,ГЕРМАНИЯ,ГЕРМАНИЯ,ГЕРМАНИЯ,ГЕРМАНИЯ,GERMANY,0,1000000076,"18.04.16 15:22:11,776404000"
1000000077,1000000077,288,ГАНА,ГАНА,ГАНА,ГАНА,GHANA,0,1000000077,"18.04.16 15:22:11,784269000"
1000000078,1000000078,292,ГИБРАЛТАР,ГИБРАЛТАР,ГИБРАЛТАР,ГИБРАЛТАР,GIBRALTAR,0,1000000078,"18.04.16 15:22:11,793153000"
1000000079,1000000079,296,КИРИБАТИ,КИРИБАТИ,КИРИБАТИ,КИРИБАТИ,KIRIBATI.,0,1000000079,"18.04.16 15:22:11,801222000"
1000000080,1000000080,300,ГРЕЦИЯ,ГРЕКИЯ,ГРЕЦИЯ,ГРЕКИЯ,GREECE,0,1000000080,"18.04.16 15:22:11,809467000"
1000000081,1000000081,304,ГРЕНЛАНДИЯ,ГРЕНЛАНДИЯ,ГРЕНЛАНДИЯ,ГРЕНЛАНДИЯ,GREENLAND,0,1000000081,"18.04.16 15:22:11,818169000"
1000000082,1000000082,308,ГРЕНАДА,ГРЕНАДА,ГРЕНАДА,ГРЕНАДА,GRENADA,0,1000000082,"18.04.16 15:22:11,826771000"
1000000083,1000000083,312,ГВАДЕЛУПА,ГВАДЕЛУПА,ГВАДЕЛУПА,ГВАДЕЛУПА,GUADELIFE,0,1000000083,"18.04.16 15:22:11,835941000"
1000000084,1000000084,316,ГУАМ,ГУАМ,ГУАМ,ГУАМ,GUAM.,0,1000000084,"18.04.16 15:22:11,843777000"
1000000085,1000000085,320,ГВАТЕМАЛА,ГВАТЕМАЛА,ГВАТЕМАЛА,ГВАТЕМАЛА,GUATEMALA,0,1000000085,"18.04.16 15:22:11,851822000"
1000000086,1000000086,324,ГВИНЕЯ,ГВИНЕЯ,ГВИНЕЯ,ГВИНЕЯ,GUINEA,0,1000000086,"18.04.16 15:22:11,859473000"
1000000087,1000000087,328,ГАЙАНА,ГАЙАНА,ГАЙАНА,ГАЙАНА,GUYANA,0,1000000087,"18.04.16 15:22:11,868195000"
1000000088,1000000088,332,ГАИТИ,ГАИТИ,ГАИТИ,ГАИТИ,HAITI,0,1000000088,"18.04.16 15:22:11,879292000"
1000000089,1000000089,336,ВАТИКАН,ВАТИКАН,ВАТИКАН,ВАТИКАН,VATICAN,0,1000000089,"18.04.16 15:22:11,888102000"
1000000090,1000000090,340,ГОНДУРАС,ГОНДУРАС,ГОНДУРАС,ГОНДУРАС,HONDURAS,0,1000000090,"18.04.16 15:22:11,896196000"
1000000091,1000000091,344,ГОНКОНГ,ГОНКОНГ,ГОНКОНГ,ГОНКОНГ,HONG KONG,0,1000000091,"18.04.16 15:22:11,904308000"
1000000092,1000000092,348,ВЕНГРИЯ,ВЕНГРИЯ,ВЕНГРИЯ,ВЕНГРИЯ,HUNGARY,0,1000000092,"18.04.16 15:22:11,912657000"
1000000093,1000000093,352,ИСЛАНДИЯ,ИСЛАНДИЯ,ИСЛАНДИЯ,ИСЛАНДИЯ,ICELAND,0,1000000093,"18.04.16 15:22:11,919468000"
1000000094,1000000094,356,ИНДИЯ,ИНДИЯ,ИНДИЯ,ИНДИЯ,INDIA,0,1000000094,"18.04.16 15:22:11,923597000"
1000000095,1000000095,360,ИНДОНЕЗИЯ,ИНДОНЕЗИЯ,ИНДОНЕЗИЯ,ИНДОНЕЗИЯ,INDONESIA,0,1000000095,"18.04.16 15:22:11,928356000"
1000000096,1000000096,364,ИРАН,ИРАН,ИРАН,ИРАН,IRAN,0,1000000096,"18.04.16 15:22:11,933313000"
1000000097,1000000097,368,ИРАК,ИРАК,ИРАК,ИРАК,IRAQ,0,1000000097,"18.04.16 15:22:11,937824000"
1000000098,1000000098,372,ИРЛАНДИЯ,ИРЛАНДИЯ,ИРЛАНДИЯ,ИРЛАНДИЯ,IRELAND,0,1000000098,"18.04.16 15:22:11,941742000"
1000000099,1000000099,376,ИЗРАИЛЬ,ИЗРАИЛЬ,ИЗРАИЛЬ,ИЗРАИЛЬ,ISRAEL,0,1000000099,"18.04.16 15:22:11,946153000"
1000000100,1000000100,380,ИТАЛИЯ,ИТАЛИЯ,ИТАЛИЯ,ИТАЛИЯ,ITALY,0,1000000100,"18.04.16 15:22:11,950040000"
1000000101,1000000101,384,КОТ Д ИВУАР,КОТ Д ИВУАР,КОТ Д ИВУАР,КОТ Д ИВУАР,CAT D IVOIRE,0,1000000101,"18.04.16 15:22:11,953519000"
1000000102,1000000102,388,ЯМАЙКА,ЯМАЙКА,ЯМАЙКА,ЯМАЙКА,JAMAICA,0,1000000102,"18.04.16 15:22:11,957438000"
1000000103,1000000103,392,ЯПОНИЯ,ЖАПОНИЯ,ЯПОНИЯ,ЖАПОНИЯ,JAPAN,0,1000000103,"18.04.16 15:22:11,961113000"
1000000104,1000000104,396,ДЖОНСТОНА О-В,ДЖОНСТОН АРАЛЫ,ДЖОНСТОНА О-В,ДЖОНСТОН АРАЛЫ,JOHNSTON O-IN,0,1000000104,"18.04.16 15:22:11,964995000"
1000000105,1000000105,398,КАЗАХСТАН,ҚАЗАҚСТАН,КАЗАХСТАН,ҚАЗАҚСТАН,KAZAKHSTAN,1,1000000105,"18.04.16 15:53:35,895332000"
1000000106,1000000106,400,ИОРДАНИЯ,ИОРДАНИЯ,ИОРДАНИЯ,ИОРДАНИЯ,JORDAN,0,1000000106,"18.04.16 15:22:11,972568000"
1000000107,1000000107,404,КЕНИЯ,КЕНИЯ,КЕНИЯ,КЕНИЯ,KENYA,0,1000000107,"18.04.16 15:22:11,976301000"
1000000108,1000000108,408,КНДР,КХДР,КНДР,КХДР,DPRK,0,1000000108,"18.04.16 15:22:11,979896000"
1000000109,1000000109,410,ЮЖНАЯ КОРЕЯ,ОҢТҮСТІК КОРЕЯ,ЮЖНАЯ КОРЕЯ,ОҢТҮСТІК КОРЕЯ,SOUTH KOREA,0,1000000109,"18.04.16 15:22:11,983440000"
1000000110,1000000110,414,КУВЕЙТ,КУВЕЙТ,КУВЕЙТ,КУВЕЙТ,KUWAIT,0,1000000110,"18.04.16 15:22:11,987354000"
1000000111,1000000111,417,КЫРГЫЗСТАН,ҚЫРҒЫЗСТАН,КЫРГЫЗСТАН,ҚЫРҒЫЗСТАН,KYRGYZSTAN.,1,1000000111,
1000000112,1000000112,418,ЛАОС,ЛАОС,ЛАОС,ЛАОС,LAOS,0,1000000112,"18.04.16 15:22:11,994824000"
1000000113,1000000113,422,ЛИВАН,ЛИВАН,ЛИВАН,ЛИВАН,LEBANON,0,1000000113,"18.04.16 15:22:11,998648000"
1000000114,1000000114,426,ЛЕСОТО,ЛЕСОТО,ЛЕСОТО,ЛЕСОТО,LESOTHO,0,1000000114,"18.04.16 15:22:12,002388000"
1000000115,1000000115,428,ЛАТВИЯ,ЛАТВИЯ,ЛАТВИЯ,ЛАТВИЯ,LATVIA,0,1000000115,"18.04.16 15:22:12,006712000"
1000000116,1000000116,430,ЛИБЕРИЯ,ЛИБЕРИЯ,ЛИБЕРИЯ,ЛИБЕРИЯ,LIBERIA,0,1000000116,"18.04.16 15:22:12,010649000"
1000000117,1000000117,434,ЛИВИЯ,ЛИВИЯ,ЛИВИЯ,ЛИВИЯ,LIBYA,0,1000000117,"18.04.16 15:22:12,014181000"
1000000118,1000000118,438,ЛИХТЕНШТЕЙН,ЛИХТЕНШТЕЙН,ЛИХТЕНШТЕЙН,ЛИХТЕНШТЕЙН,LIECHTENSTEIN,0,1000000118,"18.04.16 15:22:12,017678000"
1000000119,1000000119,440,ЛИТВА,ЛИТВА,ЛИТВА,ЛИТВА,LITHUANIA,0,1000000119,"18.04.16 15:22:12,022017000"
1000000120,1000000120,442,ЛЮКСЕМБУРГ,ЛЮКСЕМБУРГ,ЛЮКСЕМБУРГ,ЛЮКСЕМБУРГ,LUXEMBOURG,0,1000000120,"18.04.16 15:22:12,025949000"
1000000121,1000000121,446,МАКАО,МАКАО,МАКАО,МАКАО,MACAU,0,1000000121,"18.04.16 15:22:12,029546000"
1000000122,1000000122,450,МАДАГАСКАР,МАДАГАСКАР,МАДАГАСКАР,МАДАГАСКАР,MADAGASCAR,0,1000000122,"18.04.16 15:22:12,033647000"
1000000123,1000000123,454,МАЛАВИ,МАЛАВИ,МАЛАВИ,МАЛАВИ,MALAWI,0,1000000123,"18.04.16 15:22:12,037783000"
1000000124,1000000124,458,МАЛАЙЗИЯ,МАЛАЙЗИЯ,МАЛАЙЗИЯ,МАЛАЙЗИЯ,MALAYSIA,0,1000000124,"18.04.16 15:22:12,042143000"
1000000125,1000000125,462,МАЛЬДИВСКИЕ О-ВА,МАЛЬДИВ АРАЛДАРЫ,МАЛЬДИВСКИЕ О-ВА,МАЛЬДИВ АРАЛДАРЫ,MALDIVES,0,1000000125,"18.04.16 15:22:12,046439000"
1000000126,1000000126,466,МАЛИ,МАЛИ,МАЛИ,МАЛИ,MALI.,0,1000000126,"18.04.16 15:22:12,050545000"
1000000127,1000000127,470,МАЛЬТА,МАЛЬТА,МАЛЬТА,МАЛЬТА,MALTA,0,1000000127,"18.04.16 15:22:12,054327000"
1000000128,1000000128,474,МАРТИНИКА,МАРТИНИКА,МАРТИНИКА,МАРТИНИКА,MARTINIQUE,0,1000000128,"18.04.16 15:22:12,058131000"
1000000129,1000000129,478,МАВРИТАНИЯ,МАВРИТАНИЯ,МАВРИТАНИЯ,МАВРИТАНИЯ,MAURITANIA,0,1000000129,"18.04.16 15:22:12,061711000"
1000000130,1000000130,480,МАВРИКИЙ,МАВРИКИЙ,МАВРИКИЙ,МАВРИКИЙ,MAURITIUS,0,1000000130,"18.04.16 15:22:12,065499000"
1000000131,1000000131,484,МЕКСИКА,МЕКСИКА,МЕКСИКА,МЕКСИКА,MEXICO,0,1000000131,"18.04.16 15:22:12,069914000"
1000000133,1000000133,492,МОНАКО,МОНАКО,МОНАКО,МОНАКО,MONACO,0,1000000133,"18.04.16 15:22:12,073514000"
1000000134,1000000134,496,МОНГОЛИЯ,МОҢҒОЛИЯ,МОНГОЛИЯ,МОҢҒОЛИЯ,MONGOLIA,0,1000000134,"18.04.16 15:22:12,077448000"
1000000135,1000000135,498,МОЛДОВА,МОЛДОВА,МОЛДОВА,МОЛДОВА,MOLDOVA,1,1000000135,
1000000136,1000000136,500,МОНТСЕРРАТ,МОНТСЕРРАТ,МОНТСЕРРАТ,МОНТСЕРРАТ,MONTSERRAT,0,1000000136,"18.04.16 15:22:12,085509000"
1000000137,1000000137,504,МАРОККО,МАРОККО,МАРОККО,МАРОККО,MOROCCO,0,1000000137,"18.04.16 15:22:12,088960000"
1000000138,1000000138,508,МОЗАМБИК,МОЗАМБИК,МОЗАМБИК,МОЗАМБИК,MOZAMBIQUE,0,1000000138,"18.04.16 15:22:12,092747000"
1000000140,1000000140,516,НАМИБИЯ,НАМИБИЯ,НАМИБИЯ,НАМИБИЯ,NAMIBIA,0,1000000140,"18.04.16 15:22:12,096184000"
1000000141,1000000141,520,НАУРУ,НАУРУ,НАУРУ,НАУРУ,NAURU,0,1000000141,"18.04.16 15:22:12,099790000"
1000000142,1000000142,524,НЕПАЛ,НЕПАЛ,НЕПАЛ,НЕПАЛ,NEPAL,0,1000000142,"18.04.16 15:22:12,104003000"
1000000143,1000000143,528,НИДЕРЛАНДЫ,НИДЕРЛАНДЫ,НИДЕРЛАНДЫ,НИДЕРЛАНДЫ,NETHERLANDS,0,1000000143,"18.04.16 15:22:12,107654000"
1000000145,1000000145,533,АРУБА,АРУБА,АРУБА,АРУБА,ARUBA,0,1000000145,"18.04.16 15:22:12,111245000"
1000000146,1000000146,540,НОВАЯ КАЛЕДОНИЯ,ЖАҢА КАЛЕДОНИЯ,НОВАЯ КАЛЕДОНИЯ,ЖАҢА КАЛЕДОНИЯ,NEW CALEDONIA,0,1000000146,"18.04.16 15:22:12,115513000"
1000000147,1000000147,548,ВАНУАТУ,ВАНУАТУ,ВАНУАТУ,ВАНУАТУ,VANUATU,0,1000000147,"18.04.16 15:22:12,120025000"
1000000148,1000000148,554,НОВАЯ ЗЕЛАНДИЯ,ЖАҢА ЗЕЛАНДИЯ,НОВАЯ ЗЕЛАНДИЯ,ЖАҢА ЗЕЛАНДИЯ,NEW ZEALAND,0,1000000148,"18.04.16 15:22:12,123576000"
1000000149,1000000149,558,НИКАРАГУА,НИКАРАГУА,НИКАРАГУА,НИКАРАГУА,NICARAGUA,0,1000000149,"18.04.16 15:22:12,127872000"
1000000150,1000000150,562,НИГЕР,НИГЕР,НИГЕР,НИГЕР,NIGER,0,1000000150,"18.04.16 15:22:12,131807000"
1000000151,1000000151,566,НИГЕРИЯ,НИГЕРИЯ,НИГЕРИЯ,НИГЕРИЯ,NIGERIA,0,1000000151,"18.04.16 15:22:12,135285000"
1000000152,1000000152,570,НИУЭ,НИУЭ,НИУЭ,НИУЭ,NIUE,0,1000000152,"18.04.16 15:22:12,138761000"
1000000153,1000000153,574,НОРФОЛК,НОРФОЛК,НОРФОЛК,НОРФОЛК,NORFOLK,0,1000000153,"18.04.16 15:22:12,142252000"
1000000154,1000000154,578,НОРВЕГИЯ,НОРВЕГИЯ,НОРВЕГИЯ,НОРВЕГИЯ,NORWAY,0,1000000154,"18.04.16 15:22:12,145809000"
1000000155,1000000155,580,СЕВ.МАРИАННА О-В,СОЛТҮСТІК МАРИАННА АРАЛДАРЫ,СЕВ.МАРИАННА О-В,СОЛТҮСТІК МАРИАННА АРАЛДАРЫ,SEV.MARIANNA O-IN,0,1000000155,"18.04.16 15:22:12,149835000"
1000000156,1000000156,583,МИКРОНЕЗИЯ,МИКРОНЕЗИЯ,МИКРОНЕЗИЯ,МИКРОНЕЗИЯ,MICRONESIA.,0,1000000156,"18.04.16 15:22:12,153593000"
1000000157,1000000157,584,МАРШАЛЛОВЫ О-ВА,МАРШАЛЛ АРАЛДАРЫ,МАРШАЛЛОВЫ О-ВА,МАРШАЛЛ АРАЛДАРЫ,MARSHALL ABOUT,0,1000000157,"18.04.16 15:22:12,157328000"
1000000158,1000000158,585,ТИХООКЕАНСКИЕ О-ВА,ТЫНЫҚ МҰХИТ АРАЛДАРЫ,ТИХООКЕАНСКИЕ О-ВА,ТЫНЫҚ МҰХИТ АРАЛДАРЫ,PACIFIC,0,1000000158,"18.04.16 15:22:12,161293000"
1000000159,1000000159,586,ПАКИСТАН,ПӘКІСТАН,ПАКИСТАН,ПӘКІСТАН,PAKISTAN,0,1000000159,"18.04.16 15:22:12,165111000"
1000000160,1000000160,589,ПАЛЕСТИНА,ПАЛЕСТИНА,ПАЛЕСТИНА,ПАЛЕСТИНА,PALESTINE,0,1000000160,"18.04.16 15:22:12,169794000"
1000000161,1000000161,591,ПАНАМА,ПАНАМА,ПАНАМА,ПАНАМА,PANAMA,0,1000000161,"18.04.16 15:22:12,173421000"
1000000162,1000000162,598,ПАПУА НОВАЯ ГВИНЕЯ,ПАПУА ЖАҢА ГВИНЕЯ,ПАПУА НОВАЯ ГВИНЕЯ,ПАПУА ЖАҢА ГВИНЕЯ,PAPUA NEW GUINEA,0,1000000162,"18.04.16 15:22:12,177438000"
1000000163,1000000163,600,ПАРАГВАЙ,ПАРАГВАЙ,ПАРАГВАЙ,ПАРАГВАЙ,PARAGUAY,0,1000000163,"18.04.16 15:22:12,181062000"
1000000164,1000000164,604,ПЕРУ,ПЕРУ,ПЕРУ,ПЕРУ,PERU,0,1000000164,"18.04.16 15:22:12,185279000"
1000000165,1000000165,608,ФИЛИППИНЫ,ФИЛИППИНЫ,ФИЛИППИНЫ,ФИЛИППИНЫ,PHILIPPINES,0,1000000165,"18.04.16 15:22:12,189059000"
1000000166,1000000166,612,ПИТКЭРН,ПИТКЭРН,ПИТКЭРН,ПИТКЭРН,PITCAERN,0,1000000166,"18.04.16 15:22:12,192987000"
1000000167,1000000167,616,ПОЛЬША,ПОЛЬША,ПОЛЬША,ПОЛЬША,POLAND,0,1000000167,"18.04.16 15:22:12,196864000"
1000000168,1000000168,620,ПОРТУГАЛИЯ,ПОРТУГАЛИЯ,ПОРТУГАЛИЯ,ПОРТУГАЛИЯ,PORTUGAL,0,1000000168,"18.04.16 15:22:12,200329000"
1000000169,1000000169,624,ГВИНЕЯ-БИСАУ,ГВИНЕЯ-БИСАУ,ГВИНЕЯ-БИСАУ,ГВИНЕЯ-БИСАУ,GUINEA-BISAU.,0,1000000169,"18.04.16 15:22:12,203884000"
1000000170,1000000170,626,ВОСТОЧНЫЙ ТИМОР,ШЫҒЫС ТИМОР,ВОСТОЧНЫЙ ТИМОР,ШЫҒЫС ТИМОР,EAST TIMOR,0,1000000170,"18.04.16 15:22:12,207587000"
1000000171,1000000171,630,ПУЭРТО-РИКА,ПУЭРТО-РИКА,ПУЭРТО-РИКА,ПУЭРТО-РИКА,PUERTO RICA,0,1000000171,"18.04.16 15:22:12,211235000"
1000000172,1000000172,634,КАТАР,КАТАР,КАТАР,КАТАР,QATAR,0,1000000172,"18.04.16 15:22:12,214772000"
1000000173,1000000173,638,РЕЮНЬОН,РЕЮНЬОН,РЕЮНЬОН,РЕЮНЬОН,REUNION.,0,1000000173,"18.04.16 15:22:12,218610000"
1000000174,1000000174,642,РУМЫНИЯ,РУМЫНИЯ,РУМЫНИЯ,РУМЫНИЯ,ROMANIA,0,1000000174,"18.04.16 15:22:12,222806000"
1000000175,1000000175,643,РОССИЯ,РЕСЕЙ,РОССИЯ,РЕСЕЙ,RUSSIA,1,1000000175,
1000000176,1000000176,646,РУАНДА,РУАНДА,РУАНДА,РУАНДА,RWANDA,0,1000000176,"18.04.16 15:22:12,231020000"
1000000177,1000000177,654,СВ.ЕЛЕНЫ О-В,ӘУЛИЕ  ЕЛЕНА  АРАЛЫ,СВ.ЕЛЕНЫ О-В,ӘУЛИЕ  ЕЛЕНА  АРАЛЫ,SV.ELENE O-IN,0,1000000177,"18.04.16 15:22:12,234994000"
1000000178,1000000178,659,СЕНТ-КИТС И НЕВИС,СЕНТ-КИТС ЖӘНЕ НЕВИС,СЕНТ-КИТС И НЕВИС,СЕНТ-КИТС ЖӘНЕ НЕВИС,SAINT KITTS AND NEVIS,0,1000000178,"18.04.16 15:22:12,238967000"
1000000179,1000000179,660,АНГИЛЬЯ,АНГИЛЬЯ,АНГИЛЬЯ,АНГИЛЬЯ,ANGUILLA,0,1000000179,"18.04.16 15:22:12,242745000"
1000000180,1000000180,662,СЕНТ-ЛЮСИЯ,СЕНТ-ЛЮСИЯ,СЕНТ-ЛЮСИЯ,СЕНТ-ЛЮСИЯ,SAINT LUCIA,0,1000000180,"18.04.16 15:22:12,246391000"
1000000181,1000000181,666,СЕН-ПЬЕР И МИКЕЛОН,СЕН-ПЬЕР  МИКЕЛОН,СЕН-ПЬЕР И МИКЕЛОН,СЕН-ПЬЕР  МИКЕЛОН,SAINT-PIERRE AND MIQUELON,0,1000000181,"18.04.16 15:22:12,249880000"
1000000182,1000000182,670,СЕНТ-ВИНСЕНТ И ГРЕНАДИНЫ,СЕНТ-ВИНСЕНТ ЖӘНЕ ГРЕНАДИНЫ,СЕНТ-ВИНСЕНТ И ГРЕНАДИНЫ,СЕНТ-ВИНСЕНТ ЖӘНЕ ГРЕНАДИНЫ,SAINT VINCENT AND GRENADINES,0,1000000182,"18.04.16 15:22:12,253645000"
1000000183,1000000183,674,САН-МАРИНО,САН-МАРИНО,САН-МАРИНО,САН-МАРИНО,SAN MARINO.,0,1000000183,"18.04.16 15:22:12,257424000"
1000000184,1000000184,678,САН-ТОМЕ И ПРИНСИПИ,САН-ТОМЕ ЖӘНЕ ПРИНСИПИ,САН-ТОМЕ И ПРИНСИПИ,САН-ТОМЕ ЖӘНЕ ПРИНСИПИ,SAO TOME AND PRINCIPE,0,1000000184,"18.04.16 15:22:12,260909000"
1000000185,1000000185,682,САУДОВСКАЯ АРАВИЯ,САУД  АРАВИЯСЫ,САУДОВСКАЯ АРАВИЯ,САУД  АРАВИЯСЫ,SAUDI ARABIA,0,1000000185,"18.04.16 15:22:12,264366000"
1000000186,1000000186,686,СЕНЕГАЛ,СЕНЕГАЛ,СЕНЕГАЛ,СЕНЕГАЛ,SENEGAL,0,1000000186,"18.04.16 15:22:12,267836000"
1000000187,1000000187,690,СЕЙШЕЛЬСКИЕ О-ВА,СЕЙШЕЛЬ АРАЛДАРЫ,СЕЙШЕЛЬСКИЕ О-ВА,СЕЙШЕЛЬ АРАЛДАРЫ,SEYCHELLES,0,1000000187,"18.04.16 15:22:12,271727000"
1000000188,1000000188,696,СЬЕРРА-ЛЕОНЕ,СЬЕРРА-ЛЕОНЕ,СЬЕРРА-ЛЕОНЕ,СЬЕРРА-ЛЕОНЕ,SIERRA LEONE.,0,1000000188,"18.04.16 15:22:12,275252000"
1000000189,1000000189,702,СИНГАПУР,СИНГАПУР,СИНГАПУР,СИНГАПУР,SINGAPORE,0,1000000189,"18.04.16 15:22:12,278667000"
1000000190,1000000190,703,СЛОВАКИЯ,СЛОВАКИЯ,СЛОВАКИЯ,СЛОВАКИЯ,SLOVAKIA,0,1000000190,"18.04.16 15:22:12,282290000"
1000000191,1000000191,704,ВЬЕТНАМ,ВЬЕТНАМ,ВЬЕТНАМ,ВЬЕТНАМ,VIETNAM,0,1000000191,"18.04.16 15:22:12,285815000"
1000000192,1000000192,705,СЛОВЕНИЯ,СЛОВЕНИЯ,СЛОВЕНИЯ,СЛОВЕНИЯ,SLOVENIA,0,1000000192,"18.04.16 15:22:12,289297000"
1000000193,1000000193,706,СОМАЛИ,СОМАЛИ,СОМАЛИ,СОМАЛИ,SOMALIA,0,1000000193,"18.04.16 15:22:12,293181000"
1000000194,1000000194,710,ЮАР,ОАР,ЮАР,ОАР,SOUTH AFRICA,0,1000000194,"18.04.16 15:22:12,296752000"
1000000195,1000000195,716,ЗИМБАБВЕ,ЗИМБАБВЕ,ЗИМБАБВЕ,ЗИМБАБВЕ,ZIMBABWE,0,1000000195,"18.04.16 15:22:12,300646000"
1000000196,1000000196,724,ИСПАНИЯ,ИСПАНИЯ,ИСПАНИЯ,ИСПАНИЯ,SPAIN,0,1000000196,"18.04.16 15:22:12,304963000"
1000000197,1000000197,732,ЗАПАДНАЯ САХАРА,БАТЫС САХАРА,ЗАПАДНАЯ САХАРА,БАТЫС САХАРА,WEST SAHARA,0,1000000197,"18.04.16 15:22:12,308973000"
1000000198,1000000198,736,СУДАН,СУДАН,СУДАН,СУДАН,SUDAN,0,1000000198,"18.04.16 15:22:12,312752000"
1000000199,1000000199,740,СУРИНАМ,СУРИНАМ,СУРИНАМ,СУРИНАМ,SURINAME,0,1000000199,"18.04.16 15:22:12,316515000"
1000000200,1000000200,744,СВАЛЬБАРДА О-В,СВАЛЬБАРДА АРАЛЫ,СВАЛЬБАРДА О-В,СВАЛЬБАРДА АРАЛЫ,SVALBARD O-IN,0,1000000200,"18.04.16 15:22:12,320292000"
1000000201,1000000201,748,СВАЗИЛЕНД,СВАЗИЛЕНД,СВАЗИЛЕНД,СВАЗИЛЕНД,SWAZILAND.,0,1000000201,"18.04.16 15:22:12,323998000"
1000000202,1000000202,752,ШВЕЦИЯ,ШВЕЦИЯ,ШВЕЦИЯ,ШВЕЦИЯ,SWEDEN,0,1000000202,"18.04.16 15:22:12,327866000"
1000000203,1000000203,756,ШВЕЙЦАРИЯ,ШВЕЙЦАРИЯ,ШВЕЙЦАРИЯ,ШВЕЙЦАРИЯ,SWITZERLAND,0,1000000203,"18.04.16 15:22:12,331464000"
1000000204,1000000204,760,СИРИЯ,СИРИЯ,СИРИЯ,СИРИЯ,SYRIA,0,1000000204,"18.04.16 15:22:12,335089000"
1000000205,1000000205,762,ТАДЖИКИСТАН,ТӘЖІКІСТАН,ТАДЖИКИСТАН,ТӘЖІКІСТАН,TAJIKISTAN,1,1000000205,
1000000206,1000000206,764,ТАИЛАНД,ТАИЛАНД,ТАИЛАНД,ТАИЛАНД,THAILAND,0,1000000206,"18.04.16 15:22:12,342480000"
1000000207,1000000207,768,ТОГО,ТОГО,ТОГО,ТОГО,TOGO,0,1000000207,"18.04.16 15:22:12,346432000"
1000000208,1000000208,772,ТОКЕЛАУ,ТОКЕЛАУ,ТОКЕЛАУ,ТОКЕЛАУ,TOKELAU,0,1000000208,"18.04.16 15:22:12,350165000"
1000000209,1000000209,776,ТОНГА,ТОНГА,ТОНГА,ТОНГА,TONGA,0,1000000209,"18.04.16 15:22:12,353975000"
1000000210,1000000210,780,ТРИНИДАД И ТОБАГО,ТРИНИДАД ЖӘНЕ ТОБАГО,ТРИНИДАД И ТОБАГО,ТРИНИДАД ЖӘНЕ ТОБАГО,TRINIDAD AND TOBAGO,0,1000000210,"18.04.16 15:22:12,357377000"
1000000211,1000000211,784,ОАЭ,БАЭ,ОАЭ,БАЭ,UAE,0,1000000211,"18.04.16 15:22:12,360834000"
1000000212,1000000212,788,ТУНИС,ТУНИС,ТУНИС,ТУНИС,TUNISIA,0,1000000212,"18.04.16 15:22:12,364374000"
1000000213,1000000213,792,ТУРЦИЯ,ТҮРКИЯ,ТУРЦИЯ,ТҮРКИЯ,TURKEY,0,1000000213,"18.04.16 15:22:12,367770000"
1000000215,1000000215,796,ТЕРКС И КАЙКОС,ТЕРКС ЖӘНЕ КАЙКОС,ТЕРКС И КАЙКОС,ТЕРКС ЖӘНЕ КАЙКОС,TERKS AND CAICOS,0,1000000215,"18.04.16 15:22:12,371273000"
1000000216,1000000216,798,ТУВАЛУ,ТУВАЛУ,ТУВАЛУ,ТУВАЛУ,TUVALU,0,1000000216,"18.04.16 15:22:12,374715000"
1000000217,1000000217,800,УГАНДА,УГАНДА,УГАНДА,УГАНДА,UGANDA,0,1000000217,"18.04.16 15:22:12,378512000"
1000000218,1000000218,804,УКРАИНА,УКРАИНА,УКРАИНА,УКРАИНА,UKRAINE,0,1000000218,"18.04.16 15:22:12,382197000"
1000000219,1000000219,818,ЕГИПЕТ,ЕГИПЕТ,ЕГИПЕТ,ЕГИПЕТ,EGYPT,0,1000000219,"18.04.16 15:22:12,386097000"
1000000220,1000000220,826,ВЕЛИКОБРИТАНИЯ,ҰЛЫБРИТАНИЯ,ВЕЛИКОБРИТАНИЯ,ҰЛЫБРИТАНИЯ,UNITED KINGDOM,0,1000000220,"18.04.16 15:22:12,389978000"
1000000222,1000000222,833,МЕН О-В,МЕН АРАЛДАРЫ,МЕН О-В,МЕН АРАЛДАРЫ,MEN O-IN,0,1000000222,"18.04.16 15:22:12,397344000"
1000000223,1000000223,834,ТАНЗАНИЯ,ТАНЗАНИЯ,ТАНЗАНИЯ,ТАНЗАНИЯ,TANZANIA,0,1000000223,"18.04.16 15:22:12,401157000"
1000000224,1000000224,840,США,АҚШ,США,АҚШ,USA,0,1000000224,"18.04.16 15:22:12,404980000"
1000000225,1000000225,850,ВИРГИНСКИЕ О-ВА,ВИРГИН АРАЛДАРЫ,ВИРГИНСКИЕ О-ВА,ВИРГИН АРАЛДАРЫ,VIRGIN O,0,1000000225,"18.04.16 15:22:12,409063000"
1000000226,1000000226,854,БУРКИНА-ФАСО,БУРКИНА-ФАСО,БУРКИНА-ФАСО,БУРКИНА-ФАСО,BURKINA FASO,0,1000000226,"18.04.16 15:22:12,412600000"
1000000227,1000000227,858,УРУГВАЙ,УРУГВАЙ,УРУГВАЙ,УРУГВАЙ,URUGUAY,0,1000000227,"18.04.16 15:22:12,416114000"
1000000228,1000000228,860,УЗБЕКИСТАН,ӨЗБЕКСТАН,УЗБЕКИСТАН,ӨЗБЕКСТАН,UZBEKISTAN,1,1000000228,
1000000229,1000000229,862,ВЕНЕСУЭЛА,ВЕНЕСУЭЛА,ВЕНЕСУЭЛА,ВЕНЕСУЭЛА,VENEZUELA,0,1000000229,"18.04.16 15:22:12,423635000"
1000000230,1000000230,872,УЭЙК,УЭЙК,УЭЙК,УЭЙК,WAKE,0,1000000230,"18.04.16 15:22:12,427236000"
1000000231,1000000231,876,УОЛЛИС И ФУТУНА,УОЛЛИС ЖӘНЕ ФУТУНА,УОЛЛИС И ФУТУНА,УОЛЛИС ЖӘНЕ ФУТУНА,WALLIS AND FUTUNA,0,1000000231,"18.04.16 15:22:12,430723000"
1000000232,1000000232,882,САМОА,САМОА,САМОА,САМОА,SAMOA,0,1000000232,"18.04.16 15:22:12,434163000"
1000000233,1000000233,887,ЙЕМЕН,ЙЕМЕН,ЙЕМЕН,ЙЕМЕН,YEMEN,0,1000000233,"18.04.16 15:22:12,438083000"
1000000234,1000000234,891,ЮГОСЛАВИЯ,ЮГОСЛАВИЯ,ЮГОСЛАВИЯ,ЮГОСЛАВИЯ,YUGOSLAVIA,0,1000000234,"18.04.16 15:22:12,441977000"
1000000235,1000000235,894,ЗАМБИЯ,ЗАМБИЯ,ЗАМБИЯ,ЗАМБИЯ,ZAMBIA,0,1000000235,"18.04.16 15:22:12,445503000"
1000000236,1000000236,990,ЛИЦО БЕЗ ГРАЖДАНСТВА,АЗАМАТТЫҒЫ ЖОҚ АДАМ,ЛИЦО БЕЗ ГРАЖДАНСТВА,АЗАМАТТЫҒЫ ЖОҚ АДАМ,A STATELESS PERSON,0,1000000236,"18.04.16 15:22:12,448861000"
1000000237,1000000237,999,ЗАГРАНИЦА,ШЕТЕЛ,ЗАГРАНИЦА,ШЕТЕЛ,ABROAD,0,1000000237,"18.04.16 15:22:12,452554000"
1000000238,1000000238,750,ЧЕРНОГОРИЯ,ЧЕРНОГОРИЯ КАЗ,ЧЕРНОГОРИЯ,ЧЕРНОГОРИЯ КАЗ,MONTENEGRO,0,1000000238,"18.04.16 15:22:12,456164000"
1000000239,1000000239,998,РЕСПУБЛИКА СЕРБИЯ,РЕСПУБЛИКА СЕРБИЯ,РЕСПУБЛИКА СЕРБИЯ,РЕСПУБЛИКА СЕРБИЯ,REPUBLIC OF SERBIA.,0,1000000239,"18.04.16 15:22:12,459851000"
1000000240,1000000240,991,МАКЕДОНИЯ,МАКЕДОНИЯ,МАКЕДОНИЯ,МАКЕДОНИЯ,MACEDONIA,0,1000000240,"18.04.16 15:22:12,463387000"
1000000241,1000000241,895,ТУРЕЦКАЯ РЕСПУБЛИКА СЕВЕРНОГО КИПРА,СОЛТҮСТІК КИПР ТҮРІК РЕСПУБЛИКАСЫ,ТУРЕЦКАЯ РЕСПУБЛИКА СЕВЕРНОГО КИПРА,СОЛТҮСТІК КИПР ТҮРІК РЕСПУБЛИКАСЫ,TURKISH REPUBLIC OF NORTHERN CYPRUS,0,1000000241,"18.04.16 15:22:12,466843000"
1000000001,1000000001,4,АФГАНИСТАН,АУҒАНСТАН,АФГАНИСТАН,АУҒАНСТАН,AFGHANISTAN,0,1000000001,"18.04.16 15:22:12,470310000"
1000000002,1000000002,8,АЛБАНИЯ,АЛБАНИЯ,АЛБАНИЯ,АЛБАНИЯ,ALBANIA,0,1000000002,"18.04.16 15:22:12,473957000"
1000000003,1000000003,12,АЛЖИР,АЛЖИР,АЛЖИР,АЛЖИР,ALGERIA,0,1000000003,"18.04.16 15:22:12,477336000"
1000000004,1000000004,16,АМЕРИК.САМОА,АМЕРИК.САМОА,АМЕРИК.САМОА,АМЕРИК.САМОА,AMERICA.SAMO,0,1000000004,"18.04.16 15:22:12,480778000"
1000000005,1000000005,20,АНДОРРА,АНДОРРА,АНДОРРА,АНДОРРА,ANDORRA,0,1000000005,"18.04.16 15:22:12,484238000"
1000000006,1000000006,24,АНГОЛА,АНГОЛА,АНГОЛА,АНГОЛА,ANGOLA,0,1000000006,"18.04.16 15:22:12,487698000"
1000000007,1000000007,28,АНТИГУА И БАРБУДА,АНТИГУА ЖӘНЕ БАРБУДА,АНТИГУА И БАРБУДА,АНТИГУА ЖӘНЕ БАРБУДА,ANTIGUA AND BARBUDA,0,1000000007,"18.04.16 15:22:12,491511000"
1000000008,1000000008,31,АЗЕРБАЙДЖАН,АЗЕРБАЙДЖАН,АЗЕРБАЙДЖАН,АЗЕРБАЙДЖАН,AZERBAIJAN,1,1000000008,
1000000009,1000000009,32,АРГЕНТИНА,АРГЕНТИНА,АРГЕНТИНА,АРГЕНТИНА,ARGENTINA,0,1000000009,"18.04.16 15:22:12,498432000"
1000000010,1000000010,36,АВСТРАЛИЯ,АВСТРАЛИЯ,АВСТРАЛИЯ,АВСТРАЛИЯ,AUSTRALIA,0,1000000010,"18.04.16 15:22:12,501912000"
1000000011,1000000011,40,АВСТРИЯ,АВСТРИЯ,АВСТРИЯ,АВСТРИЯ,AUSTRIA,0,1000000011,"18.04.16 15:22:12,505480000"
1000000012,1000000012,44,БАГАМСКИЕ О-ВА,БАГАМ АРАЛДАРЫ,БАГАМСКИЕ О-ВА,БАГАМ АРАЛДАРЫ,BAHAMAS,0,1000000012,"18.04.16 15:22:12,508947000"
1000000013,1000000013,48,БАХРЕЙН,БАХРЕЙН,БАХРЕЙН,БАХРЕЙН,BAHRAIN,0,1000000013,"18.04.16 15:22:12,512375000"
1000000014,1000000014,50,БАНГЛАДЕШ,БАНГЛАДЕШ,БАНГЛАДЕШ,БАНГЛАДЕШ,BANGLADESH,0,1000000014,"18.04.16 15:22:12,515859000"
1000000015,1000000015,51,АРМЕНИЯ,АРМЕНИЯ,АРМЕНИЯ,АРМЕНИЯ,ARMENIA,1,1000000015,
1000000016,1000000016,52,БАРБАДОС,БАРБАДОС,БАРБАДОС,БАРБАДОС,BARBADOS,0,1000000016,"18.04.16 15:22:12,523301000"
1000000017,1000000017,56,БЕЛЬГИЯ,БЕЛЬГИЯ,БЕЛЬГИЯ,БЕЛЬГИЯ,BELGIUM,0,1000000017,"18.04.16 15:22:12,526921000"
1000000018,1000000018,60,БЕРМУДСКИЕ ОСТРОВА,БЕРМУД АРАЛДАРЫ,БЕРМУДСКИЕ ОСТРОВА,БЕРМУД АРАЛДАРЫ,BERMUDA,0,1000000018,"18.04.16 15:22:12,530450000"
1000000019,1000000019,64,БУТАН,БУТАН,БУТАН,БУТАН,BUTANE,0,1000000019,"18.04.16 15:22:12,533808000"
1000000020,1000000020,68,БОЛИВИЯ,БОЛИВИЯ,БОЛИВИЯ,БОЛИВИЯ,BOLIVIA,0,1000000020,"18.04.16 15:22:12,537227000"
1000000021,1000000021,70,БОСНИЯ И ГЕРЦЕГОВИНА,БОСНИЯ МЕН ГЕРЦЕГОВИНА,БОСНИЯ И ГЕРЦЕГОВИНА,БОСНИЯ МЕН ГЕРЦЕГОВИНА,BOSNIA AND HERZEGOVINA,0,1000000021,"18.04.16 15:22:12,540606000"
1000000022,1000000022,72,БОТСВАНА,БОТСВАНА,БОТСВАНА,БОТСВАНА,BOTSWANA,0,1000000022,"18.04.16 15:22:12,544414000"
1000000023,1000000023,76,БРАЗИЛИЯ,БРАЗИЛИЯ,БРАЗИЛИЯ,БРАЗИЛИЯ,BRAZIL,0,1000000023,"18.04.16 15:22:12,547958000"
1000000024,1000000024,80,БЕЛИЗ,БЕЛИЗ,БЕЛИЗ,БЕЛИЗ,BELIZE,0,1000000024,"18.04.16 15:22:12,551621000"
1000000025,1000000025,84,БТИО,БТИО,БТИО,БТИО,BTI,0,1000000025,"18.04.16 15:22:12,555303000"
1000000026,1000000026,88,СОЛОМОНОВЫ О-ВА,СОЛОМОНОВ АРАЛДАРЫ,СОЛОМОНОВЫ О-ВА,СОЛОМОНОВ АРАЛДАРЫ,SOLOMON ISLANDS,0,1000000026,"18.04.16 15:22:12,558994000"
1000000027,1000000027,92,БРИТАНСКИЕ ВИРГИНСКИЕ О-ВА,БРИТАН  ВИРГИН АРАЛДАРЫ,БРИТАНСКИЕ ВИРГИНСКИЕ О-ВА,БРИТАН  ВИРГИН АРАЛДАРЫ,BRITISH VIRGIN O-VA,0,1000000027,"18.04.16 15:22:12,562911000"
1000000028,1000000028,96,БРУНЕЙ,БРУНЕЙ,БРУНЕЙ,БРУНЕЙ,BRUNEI,0,1000000028,"18.04.16 15:22:12,566568000"
1000000029,1000000029,100,БОЛГАРИЯ,БОЛГАРИЯ,БОЛГАРИЯ,БОЛГАРИЯ,BULGARIA,0,1000000029,"18.04.16 15:22:12,570176000"
1000000030,1000000030,104,МЬЯНМА,МЬЯНМА,МЬЯНМА,МЬЯНМА,MYANMAR,0,1000000030,"18.04.16 15:22:12,573676000"
1000000031,1000000031,108,БУРУНДИ,БУРУНДИ,БУРУНДИ,БУРУНДИ,BURUNDI,0,1000000031,"18.04.16 15:22:12,577175000"
1000000032,1000000032,112,БЕЛАРУСЬ,БЕЛАРУСЬ,БЕЛАРУСЬ,БЕЛАРУСЬ,BELARUS,1,1000000032,
1000000033,1000000033,116,КАМБОДЖА,КАМБОДЖА,КАМБОДЖА,КАМБОДЖА,CAMBODIA,0,1000000033,"18.04.16 15:22:12,584258000"
1000000034,1000000034,120,КАМЕРУН,КАМЕРУН,КАМЕРУН,КАМЕРУН,CAMEROON,0,1000000034,"18.04.16 15:22:12,587911000"
1000000035,1000000035,124,КАНАДА,КАНАДА,КАНАДА,КАНАДА,CANADA,0,1000000035,"18.04.16 15:22:12,591443000"
1000000036,1000000036,132,КАБО-ВЕРДЕ,КАБО-ВЕРДЕ,КАБО-ВЕРДЕ,КАБО-ВЕРДЕ,CAPE VERDE,0,1000000036,"18.04.16 15:22:12,595321000"
1000000037,1000000037,136,КАЙМАНОВЫ О-ВА,КАЙМАН АРАЛДАРЫ,КАЙМАНОВЫ О-ВА,КАЙМАН АРАЛДАРЫ,CAYMAN OW,0,1000000037,"18.04.16 15:22:12,599082000"
1000000038,1000000038,140,ЦЕНТРАЛЬНО-АФРИКАНСКАЯ РЕСП.,ОРТАЛЫҚ-АФРИКА РЕСП.,ЦЕНТРАЛЬНО-АФРИКАНСКАЯ РЕСП.,ОРТАЛЫҚ-АФРИКА РЕСП.,CENTRAL AFRICAN REP.,0,1000000038,"18.04.16 15:22:12,602816000"
1000000039,1000000039,144,ШРИ-ЛАНКА,ШРИ-ЛАНКА,ШРИ-ЛАНКА,ШРИ-ЛАНКА,SRI LANKA,0,1000000039,"18.04.16 15:22:12,606377000"
1000000040,1000000040,148,ЧАД,ЧАД,ЧАД,ЧАД,CHAD,0,1000000040,"18.04.16 15:22:12,609959000"
1000000041,1000000041,152,ЧИЛИ,ЧИЛИ,ЧИЛИ,ЧИЛИ,CHILE,0,1000000041,"18.04.16 15:22:12,613764000"
1000000042,1000000042,156,КНР,ҚХР,КНР,ҚХР,PRC,0,1000000042,"18.04.16 15:22:12,617356000"
1000000043,1000000043,162,РОЖДЕСТВА О-В,РОЖДЕСТВО АРАЛДАРЫ,РОЖДЕСТВА О-В,РОЖДЕСТВО АРАЛДАРЫ,CHRISTMAS O-IN,0,1000000043,"18.04.16 15:22:12,620999000"
1000000044,1000000044,166,КОКОСОВЫЕ О-ВА,КОКОС АРАЛДАРЫ,КОКОСОВЫЕ О-ВА,КОКОС АРАЛДАРЫ,COCONUT ISLANDS,0,1000000044,"18.04.16 15:22:12,624615000"
1000000045,1000000045,170,КОЛУМБИЯ,КОЛУМБИЯ,КОЛУМБИЯ,КОЛУМБИЯ,COLOMBIA,0,1000000045,"18.04.16 15:22:12,628118000"
1000000046,1000000046,174,КОМОРСКИЕ О-ВА,КОМОР АРАЛДАРЫ,КОМОРСКИЕ О-ВА,КОМОР АРАЛДАРЫ,COMORESE,0,1000000046,"18.04.16 15:22:12,631789000"
1000000047,1000000047,178,КОНГО,КОНГО,КОНГО,КОНГО,CONGO,0,1000000047,"18.04.16 15:22:12,635549000"
1000000048,1000000048,180,ЗАИР,ЗАИР,ЗАИР,ЗАИР,ZAIRE,0,1000000048,"18.04.16 15:22:12,639074000"
1000000049,1000000049,184,КУКА О-В,КУКА АРАЛЫ,КУКА О-В,КУКА АРАЛЫ,COOK O-IN,0,1000000049,"18.04.16 15:22:12,642624000"
1000000050,1000000050,188,КОСТА-РИКА,КОСТА-РИКА,КОСТА-РИКА,КОСТА-РИКА,COSTA RICA,0,1000000050,"18.04.16 15:22:12,646428000"
1000000051,1000000051,191,ХОРВАТИЯ,ХОРВАТИЯ,ХОРВАТИЯ,ХОРВАТИЯ,CROATIA,0,1000000051,"18.04.16 15:22:12,650127000"
1000000052,1000000052,192,КУБА,КУБА,КУБА,КУБА,CUBA,0,1000000052,"18.04.16 15:22:12,653633000"
1000000053,1000000053,196,КИПР,КИПР,КИПР,КИПР,CYPRUS,0,1000000053,"18.04.16 15:22:12,657169000"
1000000054,1000000054,203,ЧЕХИЯ,ЧЕХИЯ,ЧЕХИЯ,ЧЕХИЯ,CZECH REPUBLIC,0,1000000054,"18.04.16 15:22:12,660663000"
1000000055,1000000055,204,БЕНИН,БЕНИН,БЕНИН,БЕНИН,BENIN,0,1000000055,"18.04.16 15:22:12,664170000"
1000000056,1000000056,208,ДАНИЯ,ДАНИЯ,ДАНИЯ,ДАНИЯ,DENMARK,0,1000000056,"18.04.16 15:22:12,668281000"
1000000057,1000000057,212,ДОМИНИКА,ДОМИНИКА,ДОМИНИКА,ДОМИНИКА,DOMINICA,0,1000000057,"18.04.16 15:22:12,672260000"
1000000058,1000000058,214,ДОМИНИКАНСКАЯ РЕСП.,ДОМИНИКАН  РЕСП.,ДОМИНИКАНСКАЯ РЕСП.,ДОМИНИКАН  РЕСП.,DOMINICAN REP.,0,1000000058,"18.04.16 15:22:12,675973000"
1000000059,1000000059,218,ЭКВАДОР,ЭКВАДОР,ЭКВАДОР,ЭКВАДОР,ECUADOR,0,1000000059,"18.04.16 15:22:12,679649000"
1000000060,1000000060,222,САЛЬВАДОР,САЛЬВАДОР,САЛЬВАДОР,САЛЬВАДОР,SALVADOR,0,1000000060,"18.04.16 15:22:12,683294000"
1000000061,1000000061,226,ЭКВАТОРИАЛЬНАЯ ГВИНЕЯ,ЭКВАТОРЛЫҚ  ГВИНЕЯ,ЭКВАТОРИАЛЬНАЯ ГВИНЕЯ,ЭКВАТОРЛЫҚ  ГВИНЕЯ,EQUATORIAL GUINEA,0,1000000061,"18.04.16 15:22:12,686754000"
1000000062,1000000062,230,ЭФИОПИЯ,ЭФИОПИЯ,ЭФИОПИЯ,ЭФИОПИЯ,ETHIOPIA,0,1000000062,"18.04.16 15:22:12,690232000"
1000000063,1000000063,233,ЭСТОНИЯ,ЭСТОНИЯ,ЭСТОНИЯ,ЭСТОНИЯ,ESTONIA,0,1000000063,"18.04.16 15:22:12,694421000"
1000000064,1000000064,234,ФАРЕРСКИЕ О-ВА,ФАРЕР АРАЛДАРЫ,ФАРЕРСКИЕ О-ВА,ФАРЕР АРАЛДАРЫ,FAROE,0,1000000064,"18.04.16 15:22:12,698221000"
1000000065,1000000065,238,ФОЛКЛЕНДСКИЕ О-ВА,ФОЛКЛЕНД АРАЛДАРЫ,ФОЛКЛЕНДСКИЕ О-ВА,ФОЛКЛЕНД АРАЛДАРЫ,FALKLAND ISLANDS,0,1000000065,"18.04.16 15:22:12,701845000"
1000000066,1000000066,242,ФИДЖИ,ФИДЖИ,ФИДЖИ,ФИДЖИ,FIJI,0,1000000066,"18.04.16 15:22:12,705387000"
1000000067,1000000067,246,ФИНЛЯНДИЯ,ФИНЛЯНДИЯ,ФИНЛЯНДИЯ,ФИНЛЯНДИЯ,FINLAND,0,1000000067,"18.04.16 15:22:12,709460000"
1000000068,1000000068,250,ФРАНЦИЯ,ФРАНЦИЯ,ФРАНЦИЯ,ФРАНЦИЯ,FRANCE,0,1000000068,"18.04.16 15:22:12,713134000"
1000000069,1000000069,254,ФРАНЦУЗСКАЯ ГВИАНА,ФРАНЦУЗ ГВИАНАСЫ,ФРАНЦУЗСКАЯ ГВИАНА,ФРАНЦУЗ ГВИАНАСЫ,FRENCH GUIANA,0,1000000069,"18.04.16 15:22:12,716671000"
1000000132,1000000132,488,МИДУЭЙ,МИДУЭЙ,МИДУЭЙ,МИДУЭЙ,MIDUI,0,1000000132,"18.04.16 15:22:12,720276000"
1000000139,1000000139,512,ОМАН,ОМАН,ОМАН,ОМАН,OMAN,0,1000000139,"18.04.16 15:22:12,723849000"
1000000144,1000000144,530,АНТИЛЬСКИЕ О-ВА,АНТИЛЬ АРАЛДАРЫ,АНТИЛЬСКИЕ О-ВА,АНТИЛЬ АРАЛДАРЫ,ANTILLES,0,1000000144,"18.04.16 15:22:12,727396000"
1000000214,1000000214,795,ТУРКМЕНИСТАН,ТҮРКІМЕНСТАН,ТУРКМЕНИСТАН,ТҮРКІМЕНСТАН,TURKMENISTAN,1,1000000214,
1000000221,1000000221,830,КАНАЛА О-ВА,КАНАЛ АРАЛДАРЫ,КАНАЛА О-ВА,КАНАЛ АРАЛДАРЫ,CHANNEL ISLANDS,0,1000000221,"18.04.16 15:22:12,393504000"